Workbook

Sheet Raw_Sales_Ledger
A1: Order_ID | B1: Date | C1: Sales_Rep_ID | D1: SKU | E1: Units_Sold | F1: Product_Name | G1: Unit_Cost | H1: Revenue
A2: ORD-10001 | B2: 2025-01-05 | C2: SR001 | D2: SKU-101 | E2: 15 | F2: =IFERROR(INDEX(Product_Lookup!A:A, MATCH("*"&CLEAN(TRIM(D2))&"*", Product_Lookup!B:B, 0)), "Unmapped Product") -> Enterprise CRM | G2: =IFERROR(INDEX(Product_Lookup!C:C, MATCH(D2, Product_Lookup!B:B, 0)), 0) -> 1200 | H2: =E2 * G2 -> 18000
A3: ORD-10002 | B3: 2025-01-05 | C3: SR002 | D3: SKU-102 | E3: 8 | F3: =IFERROR(INDEX(Product_Lookup!A:A, MATCH("*"&CLEAN(TRIM(D3))&"*", Product_Lookup!B:B, 0)), "Unmapped Product") -> Analytics Pro | G3: =IFERROR(INDEX(Product_Lookup!C:C, MATCH(D3, Product_Lookup!B:B, 0)), 0) -> 900 | H3: =E3 * G3 -> 7200
A4: ORD-10003 | B4: 2025-01-06 | C4: SR003 | D4: SKU-103 | E4: 12 | F4: =IFERROR(INDEX(Product_Lookup!A:A, MATCH("*"&CLEAN(TRIM(D4))&"*", Product_Lookup!B:B, 0)), "Unmapped Product") -> AI Forecasting | G4: =IFERROR(INDEX(Product_Lookup!C:C, MATCH(D4, Product_Lookup!B:B, 0)), 0) -> 1500 | H4: =E4 * G4 -> 18000
A5: ORD-10004 | B5: 2025-01-06 | C5: SR004 | D5: SKU-104 | E5: 20 | F5: =IFERROR(INDEX(Product_Lookup!A:A, MATCH("*"&CLEAN(TRIM(D5))&"*", Product_Lookup!B:B, 0)), "Unmapped Product") -> Sales Automation | G5: =IFERROR(INDEX(Product_Lookup!C:C, MATCH(D5, Product_Lookup!B:B, 0)), 0) -> 1100 | H5: =E5 * G5 -> 22000
A6: ORD-10005 | B6: 2025-01-07 | C6: SR005 | D6: SKU-105 | E6: 7 | F6: =IFERROR(INDEX(Product_Lookup!A:A, MATCH("*"&CLEAN(TRIM(D6))&"*", Product_Lookup!B:B, 0)), "Unmapped Product") -> Customer Success Suite | G6: =IFERROR(INDEX(Product_Lookup!C:C, MATCH(D6, Product_Lookup!B:B, 0)), 0) -> 800 | H6: =E6 * G6 -> 5600
A7: ORD-10006 | B7: 2025-01-07 | C7: SR001 | D7: SKU-102 | E7: 18 | F7: =IFERROR(INDEX(Product_Lookup!A:A, MATCH("*"&CLEAN(TRIM(D7))&"*", Product_Lookup!B:B, 0)), "Unmapped Product") -> Analytics Pro | G7: =IFERROR(INDEX(Product_Lookup!C:C, MATCH(D7, Product_Lookup!B:B, 0)), 0) -> 900 | H7: =E7 * G7 -> 16200
A8: ORD-10007 | B8: 2025-01-08 | C8: SR002 | D8: SKU-104 | E8: 25 | F8: =IFERROR(INDEX(Product_Lookup!A:A, MATCH("*"&CLEAN(TRIM(D8))&"*", Product_Lookup!B:B, 0)), "Unmapped Product") -> Sales Automation | G8: =IFERROR(INDEX(Product_Lookup!C:C, MATCH(D8, Product_Lookup!B:B, 0)), 0) -> 1100 | H8: =E8 * G8 -> 27500
A9: ORD-10008 | B9: 2025-01-08 | C9: SR003 | D9: SKU-101 | E9: 9 | F9: =IFERROR(INDEX(Product_Lookup!A:A, MATCH("*"&CLEAN(TRIM(D9))&"*", Product_Lookup!B:B, 0)), "Unmapped Product") -> Enterprise CRM | G9: =IFERROR(INDEX(Product_Lookup!C:C, MATCH(D9, Product_Lookup!B:B, 0)), 0) -> 1200 | H9: =E9 * G9 -> 10800
A10: ORD-10009 | B10: 2025-01-09 | C10: SR004 | D10: SKU-103 | E10: 14 | F10: =IFERROR(INDEX(Product_Lookup!A:A, MATCH("*"&CLEAN(TRIM(D10))&"*", Product_Lookup!B:B, 0)), "Unmapped Product") -> AI Forecasting | G10: =IFERROR(INDEX(Product_Lookup!C:C, MATCH(D10, Product_Lookup!B:B, 0)), 0) -> 1500 | H10: =E10 * G10 -> 21000
A11: ORD-10010 | B11: 2025-01-09 | C11: SR005 | D11: SKU-105 | E11: 11 | F11: =IFERROR(INDEX(Product_Lookup!A:A, MATCH("*"&CLEAN(TRIM(D11))&"*", Product_Lookup!B:B, 0)), "Unmapped Product") -> Customer Success Suite | G11: =IFERROR(INDEX(Product_Lookup!C:C, MATCH(D11, Product_Lookup!B:B, 0)), 0) -> 800 | H11: =E11 * G11 -> 8800
A12: ORD-10011 | B12: 2025-01-10 | C12: SR001 | D12: SKU-104 | E12: 22 | F12: =IFERROR(INDEX(Product_Lookup!A:A, MATCH("*"&CLEAN(TRIM(D12))&"*", Product_Lookup!B:B, 0)), "Unmapped Product") -> Sales Automation | G12: =IFERROR(INDEX(Product_Lookup!C:C, MATCH(D12, Product_Lookup!B:B, 0)), 0) -> 1100 | H12: =E12 * G12 -> 24200
A13: ORD-10012 | B13: 2025-01-10 | C13: SR002 | D13: SKU-101 | E13: 16 | F13: =IFERROR(INDEX(Product_Lookup!A:A, MATCH("*"&CLEAN(TRIM(D13))&"*", Product_Lookup!B:B, 0)), "Unmapped Product") -> Enterprise CRM | G13: =IFERROR(INDEX(Product_Lookup!C:C, MATCH(D13, Product_Lookup!B:B, 0)), 0) -> 1200 | H13: =E13 * G13 -> 19200
... A21: ORD-10020 | B21: 2025-01-14 | C21: SR005 | D21: SKU-102 | E21: 15 | F21: =IFERROR(INDEX(Product_Lookup!A:A, MATCH("*"&CLEAN(TRIM(D21))&"*", Product_Lookup!B:B, 0)), "Unmapped Product") -> Analytics Pro | G21: =IFERROR(INDEX(Product_Lookup!C:C, MATCH(D21, Product_Lookup!B:B, 0)), 0) -> 900 | H21: =E21 * G21 -> 13500

Sheet Product_Lookup
A1: Product_Name | B1: SKU | C1: Unit_Cost
A2: Enterprise CRM | B2: SKU-101 | C2: 1200
A3: Analytics Pro | B3: SKU-102 | C3: 900
A4: AI Forecasting | B4: SKU-103 | C4: 1500
A5: Sales Automation | B5: SKU-104 | C5: 1100
A6: Customer Success Suite | B6: SKU-105 | C6: 800

Sheet Sales_Rep_Lookup
A1: Sales_Rep_ID | B1: Sales_Rep_Name | C1: Region | D1: Total_Revenue_Earned | E1: Calculated_Tier | F1: Commission_Rate
A2: SR001 | B2: Emily Johnson | C2: NA | D2: =SUMIF('Raw_Sales_Ledger'!C:C, A2, 'Raw_Sales_Ledger'!H:H) -> 66400 | E2: =IFERROR(VLOOKUP(D2, Tier_Thresholds!A:C, 3, TRUE), "Bronze") -> Silver | F2: =INDEX(Incentive_Matrix!$B$2:$D$4, MATCH(E2, Incentive_Matrix!$A$2:$A$4, 0), MATCH(C2, Incentive_Matrix!$B$1:$D$1, 0)) -> 0.05
A3: SR002 | B3: David Chen | C3: EMEA | D3: =SUMIF('Raw_Sales_Ledger'!C:C, A3, 'Raw_Sales_Ledger'!H:H) -> 89900 | E3: =IFERROR(VLOOKUP(D3, Tier_Thresholds!A:C, 3, TRUE), "Bronze") -> Silver | F3: =INDEX(Incentive_Matrix!$B$2:$D$4, MATCH(E3, Incentive_Matrix!$A$2:$A$4, 0), MATCH(C3, Incentive_Matrix!$B$1:$D$1, 0)) -> 0.045
A4: SR003 | B4: Sophia Patel | C4: APAC | D4: =SUMIF('Raw_Sales_Ledger'!C:C, A4, 'Raw_Sales_Ledger'!H:H) -> 61400 | E4: =IFERROR(VLOOKUP(D4, Tier_Thresholds!A:C, 3, TRUE), "Bronze") -> Silver | F4: =INDEX(Incentive_Matrix!$B$2:$D$4, MATCH(E4, Incentive_Matrix!$A$2:$A$4, 0), MATCH(C4, Incentive_Matrix!$B$1:$D$1, 0)) -> 0.04
A5: SR004 | B5: Michael Brown | C5: NA | D5: =SUMIF('Raw_Sales_Ledger'!C:C, A5, 'Raw_Sales_Ledger'!H:H) -> 90200 | E5: =IFERROR(VLOOKUP(D5, Tier_Thresholds!A:C, 3, TRUE), "Bronze") -> Silver | F5: =INDEX(Incentive_Matrix!$B$2:$D$4, MATCH(E5, Incentive_Matrix!$A$2:$A$4, 0), MATCH(C5, Incentive_Matrix!$B$1:$D$1, 0)) -> 0.05
A6: SR005 | B6: Olivia Garcia | C6: EMEA | D6: =SUMIF('Raw_Sales_Ledger'!C:C, A6, 'Raw_Sales_Ledger'!H:H) -> 59400 | E6: =IFERROR(VLOOKUP(D6, Tier_Thresholds!A:C, 3, TRUE), "Bronze") -> Silver | F6: =INDEX(Incentive_Matrix!$B$2:$D$4, MATCH(E6, Incentive_Matrix!$A$2:$A$4, 0), MATCH(C6, Incentive_Matrix!$B$1:$D$1, 0)) -> 0.045

Sheet Incentive_Matrix
A1: Tier | B1: NA | C1: EMEA | D1: APAC
A2: Bronze | B2: 0.03 | C2: 0.025 | D2: 0.02
A3: Silver | B3: 0.05 | C3: 0.045 | D3: 0.04
A4: Gold | B4: 0.08 | C4: 0.07 | D4: 0.065

Sheet Tier_Thresholds
A1: Min_Revenue | B1: Max_Revenue | C1: Tier
A2: 0 | B2: 49999 | C2: Bronze
A3: 50000 | B3: 99999 | C3: Silver
A4: 100000 | B4: 999999999 | C4: Gold
